sample,id,rank,rank2,treatment,treatment.start,RX,group,birthday,age.mo,age.days,conception,pregend,week at collect,stage,litter,outcome,lac,rainfall (mm),maxtemp,mintemp,Collection Date,Collection Time,AM.PM,NEW DOSE (FGCM) (ng/g), NEW WEIGHT (g),FAM (ng/g) 
41295,a,S,SC,NA,NA,NA,AZ,9-Mar-10,24.93,748,27-Dec-11,6-Mar-12,PP,(4) PP,aaa,Born,Yes,6.2,35.61,14.65,26-Mar-12,9:24,AM,35.64,NA,113.25
45722,b,S,SC,NA,NA,NA,MY,28-Nov-10,27.13,814,18-Dec-12,26-Feb-13,9,(3) LP,aab,Lost,No,2.2,39.02,19.62,19-Feb-13,10:10,AM,330.28,885,197.38
47109,c,D,DC,NA,NA,NA,MY,28-Nov-10,33,990,17-Jul-13,25-Sep-13,4,(2) MP,aac,Lost,No,0,21.61,0.49,14-Aug-13,16:37,PM,968.5,768.4,68.9
40991,d,S,SC,NA,NA,NA,AZ,28-Nov-10,15.77,473,11-Jan-12,21-Mar-12,10,(3) LP,aad,Lost,No,20.4,35.71,16.04,15-Mar-12,9:50,AM,310.18,824,264.9
41059,d,S,SC,NA,NA,NA,AZ,28-Nov-10,15.73,472,11-Jan-12,21-Mar-12,9,(3) LP,aad,Lost,No,18.4,35.79,15.85,14-Mar-12,11:20,AM,2081.05,824,1115.17
41124,d,S,SC,NA,NA,NA,AZ,28-Nov-10,15.93,478,11-Jan-12,21-Mar-12,10,(3) LP,aad,Lost,No,9.4,35.5,14.97,20-Mar-12,18:05,PM,473.05,857.5,117.87
41296,d,S,SC,NA,NA,NA,AZ,28-Nov-10,16.13,484,11-Jan-12,21-Mar-12,PP,(4) PP,aad,Lost,Yes,6.2,35.61,14.65,26-Mar-12,10:06,AM,190.83,736,43.5
44557,d,S,SC,NA,NA,NA,MY,28-Nov-10,25.17,755,12-Nov-12,21-Jan-13,6,(2) MP,aae,Lost,No,11.6,34.67,16.25,22-Dec-12,8:00,AM,312.76,801.33,175.75
45123,e,S,SC,NA,NA,NA,MY,28-Feb-11,23.1,693,16-Nov-12,25-Jan-13,10,(3) LP,aaf,Lost,No,9,37.7,19.04,21-Jan-13,19:13,PM,937.23,852.5,191.55
47871,f,S,SC,NA,NA,NA,MY,17-Mar-12,22.87,686,12-Nov-13,25-Jan-14,PP,(4) PP,aag,Aborted,No,23.2,36.25,18.66,1-Feb-14,18:04,PM,89.26,689,76.6
47441,g,D,DC,NA,NA,NA,BB,27-Jan-11,34.83,1045,6-Oct-13,15-Dec-13,9,(3) LP,aah,Born,No,6,35.13,14.95,7-Dec-13,7:03,AM,419.05,929.83,365.9
48092,g,D,DF,Flutamide,15-Feb-14,PostRX,BB,27-Jan-11,38.03,1141,29-Dec-13,9-Mar-14,PP,(4) PP,aai,Born,Yes,54,33.96,18.63,13-Mar-14,17:26,PM,40.88,734,101.5
48093,g,D,DF,Flutamide,15-Feb-14,PostRX,BB,27-Jan-11,38.03,1141,29-Dec-13,9-Mar-14,PP,(4) PP,aai,Born,Yes,54,33.96,18.63,13-Mar-14,10:00,AM,103.56,734,149.28
48094,h,S,SC,NA,NA,NA,BB,8-Sep-11,30.57,917,10-Mar-14,19-May-14,3,(1) EP,aaj,Aborted,Yes,54,33.96,18.63,13-Mar-14,10:48,AM,278.85,NA,330.75
46844,i,S,SC,NA,NA,NA,BB,11-Feb-12,18.07,542,19-Jul-13,27-Sep-13,3,(1) EP,aak,Born,No,0,22.77,1.88,6-Aug-13,16:04,PM,87.67,547,34.7
47039,i,S,SC,NA,NA,NA,BB,11-Feb-12,19.47,584,19-Jul-13,27-Sep-13,9,(3) LP,aak,Born,No,0,26.13,2.82,17-Sep-13,10:36,AM,416.9,679.5,16.38
47397,i,S,SC,NA,NA,NA,BB,11-Feb-12,21.8,654,4-Nov-13,13-Jan-14,4,(1) EP,aal,Lost,No,5.8,34.23,13.08,26-Nov-13,18:56,PM,209.67,607,26.33
49032,i,S,SC,NA,NA,NA,BB,11-Feb-12,28.57,857,7-Apr-14,16-Jun-14,PP,(4) PP,aam,Born,Yes,8.8,23.49,2.76,17-Jun-14,9:04,AM,862.08,697,57.1
49134,i,S,SC,NA,NA,NA,BB,11-Feb-12,28.9,867,7-Apr-14,16-Jun-14,PP,(4) PP,aam,Born,Yes,0.2,22.19,0.01,27-Jun-14,16:46,PM,243.38,670,38.15
49905,i,S,SC,NA,NA,NA,BB,11-Feb-12,31.63,949,2-Sep-14,11-Nov-14,3,(1) EP,aan,Born,Yes,0,28.64,3.96,17-Sep-14,8:44,AM,44.55,647.5,144.3
53266,j,S,SC,NA,NA,NA,BB,27-Sep-13,16.33,490,17-Jan-15,28-Mar-15,2,(1) EP,aao,Lost,No,18.2,36.77,18.89,30-Jan-15,7:38,AM,13.94,652.2,227.55
53680,j,S,SC,NA,NA,NA,BB,27-Sep-13,17.4,522,17-Jan-15,28-Mar-15,7,(2) MP,aao,Lost,No,11.4,36.37,17,3-Mar-15,8:38,AM,1461.7,731,160.4
53371,k,S,SC,NA,NA,NA,BB,15-Dec-13,14.17,425,21-Jan-15,1-Apr-15,4,(1) EP,NA,Lost,No,17.4,35.85,17.82,13-Feb-15,9:46,AM,92.39,683.5,126.75
53443,k,S,SC,NA,NA,NA,BB,15-Dec-13,14.4,432,21-Jan-15,1-Apr-15,5,(2) MP,NA,Lost,No,22.2,35.76,17.52,20-Feb-15,10:04,AM,93.37,669.25,61.1
39725,l,D,DC,NA,NA,NA,SQ,30-Jan-05,82.9,2487,31-Oct-11,9-Jan-12,4,(1) EP,aap,Born,No,0.4,32.86,9.68,22-Nov-11,18:06,PM,22.71,674,327.9
39759,l,D,DC,NA,NA,NA,SQ,30-Jan-05,83.03,2491,31-Oct-11,9-Jan-12,4,(2) MP,aap,Born,No,0.4,32.73,9.36,26-Nov-11,8:57,AM,56.53,672.25,138.2
39782,l,D,DC,NA,NA,NA,SQ,30-Jan-05,83.07,2492,31-Oct-11,9-Jan-12,4,(2) MP,aap,Born,No,0.4,32.94,9.36,27-Nov-11,19:00,PM,138.47,675,88.93
39829,l,D,DC,NA,NA,NA,SQ,30-Jan-05,83.17,2495,31-Oct-11,9-Jan-12,5,(2) MP,aap,Born,No,0.4,33.47,9.93,30-Nov-11,19:13,PM,403.28,668,150.2
40354,l,D,DC,NA,NA,NA,SQ,30-Jan-05,84.8,2544,31-Oct-11,9-Jan-12,PP,(4) PP,aap,Born,Yes,68.2,37.84,17.82,18-Jan-12,10:31,AM,26.85,818.75,100.4
40456,l,D,DC,NA,NA,NA,SQ,30-Jan-05,85.07,2552,31-Oct-11,9-Jan-12,PP,(4) PP,aap,Born,Yes,53.4,36.88,17.75,26-Jan-12,8:30,AM,51.85,796,378.1
40477,l,D,DC,NA,NA,NA,SQ,30-Jan-05,85.07,2552,31-Oct-11,9-Jan-12,PP,(4) PP,aap,Born,Yes,53.4,36.88,17.75,26-Jan-12,18:00,PM,61.94,796,246.55
39963,m,D,DC,NA,NA,NA,D,3-Sep-06,64.2,1926,10-Dec-11,18-Feb-12,1,(1) EP,aaq,Born,No,26.4,34.31,12.91,12-Dec-11,7:43,AM,28.36,605,254.98
40445,m,D,DC,NA,NA,NA,D,3-Sep-06,65.67,1970,10-Dec-11,18-Feb-12,7,(2) MP,aaq,Born,No,73.2,36.79,18.01,25-Jan-12,19:30,PM,140.25,767.33,65.05
40471,m,D,DC,NA,NA,NA,D,3-Sep-06,65.73,1972,10-Dec-11,18-Feb-12,7,(3) LP,aaq,Born,No,25,36.99,17.54,27-Jan-12,8:30,AM,459.74,767.33,443.1
40594,m,D,DF,Flutamide,5-Feb-12,1,D,3-Sep-06,66.07,1982,10-Dec-11,18-Feb-12,9,(3) LP,aaq,Born,No,57.4,36.26,18.45,6-Feb-12,7:32,AM,262.8,806.5,116.28
40614,m,D,DF,Flutamide,5-Feb-12,3,D,3-Sep-06,66.13,1984,10-Dec-11,18-Feb-12,9,(3) LP,aaq,Born,No,57.4,35.8,18.73,8-Feb-12,7:40,AM,1152.08,823.67,354.45
40619,m,D,DF,Flutamide,5-Feb-12,3,D,3-Sep-06,66.13,1984,10-Dec-11,18-Feb-12,9,(3) LP,aaq,Born,No,57.4,35.8,18.73,8-Feb-12,18:17,PM,317.1,823.67,73.58
40664,m,D,DF,Flutamide,5-Feb-12,9,D,3-Sep-06,66.33,1990,10-Dec-11,18-Feb-12,10,(3) LP,aaq,Born,No,67.2,34.45,17.39,14-Feb-12,7:10,AM,774.35,864.5,399.5
40666,m,D,DF,Flutamide,5-Feb-12,9,D,3-Sep-06,66.33,1990,10-Dec-11,18-Feb-12,10,(3) LP,aaq,Born,No,67.2,34.45,17.39,14-Feb-12,10:16,AM,94.76,864.5,51.85
40814,m,D,DF,Flutamide,5-Feb-12,PostRX,D,3-Sep-06,66.83,2005,10-Dec-11,18-Feb-12,PP,(4) PP,aaq,Born,Yes,60,34.03,17.36,29-Feb-12,18:08,PM,84.64,678.5,46.83
40851,m,D,DC,NA,NA,NA,D,3-Sep-06,65.93,1978,10-Dec-11,18-Feb-12,8,(3) LP,aaq,Born,No,51.8,36.99,17.78,2-Feb-12,8:40,AM,299.35,799.67,142.9
40921,m,D,DF,Flutamide,5-Feb-12,PostRX,D,3-Sep-06,67.17,2015,10-Dec-11,18-Feb-12,PP,(4) PP,aaq,Born,Yes,28.6,34.9,15.82,10-Mar-12,17:35,PM,138.69,611.67,186
43350,m,D,DC,NA,NA,NA,D,3-Sep-06,74.5,2235,17-Aug-12,26-Oct-12,9,(3) LP,aar,Born,No,11.8,31.07,8.69,16-Oct-12,8:51,AM,99.94,796.33,227.25
43353,m,D,DC,NA,NA,NA,D,3-Sep-06,74.5,2235,17-Aug-12,26-Oct-12,9,(3) LP,aar,Born,No,11.8,31.07,8.69,16-Oct-12,8:26,AM,12.69,796.33,142.8
43408,m,D,DC,NA,NA,NA,D,3-Sep-06,74.57,2237,17-Aug-12,26-Oct-12,9,(3) LP,aar,Born,No,11.8,31.09,8.68,18-Oct-12,8:28,AM,428.05,813.67,227.68
43422,m,D,DC,NA,NA,NA,D,3-Sep-06,74.7,2241,17-Aug-12,26-Oct-12,10,(3) LP,aar,Born,No,10,30.24,8.42,22-Oct-12,NA,NA,442,844,127.23
43425,m,D,DC,NA,NA,NA,D,3-Sep-06,74.7,2241,17-Aug-12,26-Oct-12,10,(3) LP,aar,Born,No,10,30.24,8.42,22-Oct-12,17:06,PM,374.83,844,167.5
43474,m,D,DC,NA,NA,NA,D,3-Sep-06,74.93,2248,17-Aug-12,26-Oct-12,PP,(4) PP,aar,Born,Yes,10,32.28,9.93,29-Oct-12,18:39,PM,104.37,772,174.43
43500,m,D,DC,NA,NA,NA,D,3-Sep-06,75.03,2251,17-Aug-12,26-Oct-12,PP,(4) PP,aar,Born,Yes,10,32.45,11.2,1-Nov-12,8:44,AM,45.76,699,62.4
43569,m,D,DC,NA,NA,NA,D,3-Sep-06,75.17,2255,17-Aug-12,26-Oct-12,PP,(4) PP,aar,Born,Yes,11.2,32.6,11.81,5-Nov-12,7:57,AM,5.57,716,273.8
43612,m,D,DC,NA,NA,NA,D,3-Sep-06,75.27,2258,17-Aug-12,26-Oct-12,PP,(4) PP,aar,Born,Yes,11.2,32.79,11.78,8-Nov-12,8:30,AM,20.4,711,34.95
43668,m,D,DC,NA,NA,NA,D,3-Sep-06,75.4,2262,17-Aug-12,26-Oct-12,PP,(4) PP,aar,Born,Yes,12.2,33.6,12.64,12-Nov-12,7:15,AM,51.41,662,171
43678,m,D,DC,NA,NA,NA,D,3-Sep-06,75.2,2256,17-Aug-12,26-Oct-12,PP,(4) PP,aar,Born,Yes,11.2,32.61,11.7,6-Nov-12,18:41,PM,22.07,NA,245.63
45239,m,D,DC,NA,NA,NA,D,3-Sep-06,77.97,2339,23-Jan-13,12-Mar-13,1,(1) EP,aas,Aborted,No,6.4,38.73,19.55,28-Jan-13,8:25,AM,46.61,590.67,110.25
40200,n,D,DC,NA,NA,NA,F,10-Dec-07,49.5,1485,13-Nov-11,22-Jan-12,8,(3) LP,aat,Born,No,87.6,35.83,16.32,3-Jan-12,19:09,PM,446.25,899,133.4
40327,n,D,DC,NA,NA,NA,F,10-Dec-07,49.93,1498,13-Nov-11,22-Jan-12,10,(3) LP,aat,Born,No,68.2,37.98,17.69,16-Jan-12,6:32,AM,127.7,961,103.17
40331,n,D,DC,NA,NA,NA,F,10-Dec-07,49.93,1498,13-Nov-11,22-Jan-12,10,(3) LP,aat,Born,No,68.2,37.98,17.69,16-Jan-12,19:00,PM,1108.75,961,132.45
40479,n,D,DC,NA,NA,NA,F,10-Dec-07,50.27,1508,13-Nov-11,22-Jan-12,PP,(4) PP,aat,Born,Yes,53.4,36.88,17.75,26-Jan-12,19:37,PM,161.31,969,180.8
40530,n,D,DC,NA,NA,NA,F,10-Dec-07,50.4,1512,13-Nov-11,22-Jan-12,PP,(4) PP,aat,Born,Yes,25,37.37,17.26,30-Jan-12,18:57,PM,154.74,804,232.05
40564,n,D,DC,NA,NA,NA,F,10-Dec-07,50.5,1515,13-Nov-11,22-Jan-12,PP,(4) PP,aat,Born,Yes,51.8,36.99,17.78,2-Feb-12,9:27,AM,176.67,804,171.13
40627,n,D,DC,NA,NA,NA,F,10-Dec-07,50.77,1523,13-Nov-11,22-Jan-12,PP,(4) PP,aat,Born,Yes,68.4,35.08,18.7,10-Feb-12,18:32,PM,143.48,795,227.9
40088,o,D,DF,Flutamide,23-Dec-11,0,KU,23-Nov-03,98.4,2952,18-Oct-11,27-Dec-11,10,(3) LP,aau,Born,Yes,26,35.25,14.56,23-Dec-11,7:03,AM,48.07,965,378.1
43657,o,D,DC,NA,NA,NA,KU,23-Nov-03,109.17,3275,29-Sep-12,25-Nov-12,6,(2) MP,aav,Aborted,No,11.2,33.17,11.89,10-Nov-12,19:00,PM,86.94,876.75,90.05
43722,o,D,DC,NA,NA,NA,KU,23-Nov-03,109.27,3278,29-Sep-12,25-Nov-12,7,(2) MP,aav,Aborted,No,12.2,33.53,12.85,13-Nov-12,19:04,PM,554.63,872,64.45
43912,o,D,DC,NA,NA,NA,KU,23-Nov-03,109.53,3286,29-Sep-12,25-Nov-12,8,(3) LP,aav,Aborted,No,2.2,35.79,13.79,21-Nov-12,18:33,PM,972.45,908.5,116.7
44021,o,D,DC,NA,NA,NA,KU,23-Nov-03,109.8,3294,29-Sep-12,25-Nov-12,PP,(4) PP,aav,Aborted,No,2.2,35.99,14.42,29-Nov-12,8:54,AM,47.78,822,80.4
44366,o,D,DC,NA,NA,NA,KU,23-Nov-03,110.3,3309,29-Sep-12,25-Nov-12,PP,(4) PP,aav,Aborted,No,8.2,35.05,15.42,14-Dec-12,19:24,PM,91.11,781.5,107.05
45081,o,D,DC,NA,NA,NA,KU,23-Nov-03,109.6,3288,29-Sep-12,25-Nov-12,8,(3) LP,aav,Aborted,No,2.2,36.25,14.44,23-Nov-12,8:40,AM,153.63,905.67,216.7
45231,o,D,DF,Flutamide,19-Jan-13,7,UK,23-Nov-03,111.73,3352,30-Nov-12,24-Jan-13,PP,(4) PP,aaw,Aborted,No,6.4,38.58,19.36,26-Jan-13,19:25,PM,249.85,748.67,176.03
45343,o,D,DF,Flutamide,19-Jan-13,13,KU,23-Nov-03,111.93,3358,6-Feb-13,11-Mar-13,PP,(4) PP,aax,Aborted,No,4.4,38.46,19.58,1-Feb-13,19:16,PM,73.72,725.33,61.65
45412,o,D,DF,Flutamide,19-Jan-13,20,KU,23-Nov-03,112.17,3365,6-Feb-13,11-Mar-13,PP,(4) PP,aax,Aborted,No,2.2,38.74,19.69,8-Feb-13,18:04,PM,28.41,700.67,38.93
45459,o,D,DF,Flutamide,19-Jan-13,19,KU,23-Nov-03,112.13,3364,6-Feb-13,11-Mar-13,1,(1) EP,aax,Aborted,No,4.2,38.75,19.92,7-Feb-13,18:40,PM,151.34,709.75,118.65
46378,o,D,DC,NA,NA,NA,KU,23-Nov-03,113.2,3396,6-Feb-13,11-Mar-13,5,(2) MP,aax,Aborted,No,4,37.48,17.44,11-Mar-13,18:18,PM,76.87,619.8,84.7
46419,o,D,DC,NA,NA,NA,KU,23-Nov-03,113.37,3401,6-Feb-13,11-Mar-13,PP,(4) PP,aax,Aborted,No,3.6,37.16,17.42,16-Mar-13,9:32,AM,32,621,216.4
465550,o,D,DC,NA,NA,NA,KU,23-Nov-03,113.37,3401,6-Feb-13,11-Mar-13,PP,(4) PP,aax,Aborted,No,3.6,37.16,17.42,16-Mar-13,18:30,PM,68.29,621,23.97
465583,o,D,DC,NA,NA,NA,KU,23-Nov-03,113.43,3403,6-Feb-13,11-Mar-13,PP,(4) PP,aax,Aborted,No,3.6,36.87,16.69,18-Mar-13,9:30,AM,37.17,614,45.18
45458,p,S,SC,NA,NA,NA,JX,19-Sep-09,41.27,1238,8-Jan-13,4-Mar-13,5,(2) MP,aay,Aborted,No,2.2,38.74,19.69,8-Feb-13,19:00,PM,1980.38,NA,193.13
46152,p,S,SC,NA,NA,NA,JX,19-Sep-09,42.07,1262,8-Jan-13,4-Mar-13,8,(3) LP,aay,Aborted,No,2.8,38.01,17.82,4-Mar-13,9:45,AM,1527.6,873,221.8
47571,r,S,SC,NA,NA,NA,JX,16-Jan-12,23.97,719,22-Dec-13,2-Mar-14,2,(1) EP,aaz,Born,No,37,34.77,18.42,4-Jan-14,17:55,PM,132.67,687.5,89.93
47583,r,S,SC,NA,NA,NA,JX disperser,16-Jan-12,23.97,719,22-Dec-13,2-Mar-14,2,(1) EP,aaz,Born,No,37,34.77,18.42,4-Jan-14,17:55,PM,60.85,687.5,123.35
48420,q,S,SC,NA,NA,NA,JX,9-Oct-12,18.43,553,6-Apr-14,15-Jun-14,2,(1) EP,aba,Born,No,49,29.04,11.38,15-Apr-14,17:45,PM,108.83,NA,135.07
48856,q,S,SC,NA,NA,NA,JX,9-Oct-12,19.87,596,6-Apr-14,15-Jun-14,8,(3) LP,aba,Born,No,14,26.98,5.76,28-May-14,10:10,AM,1850.63,NA,87.03
49005,q,S,SC,NA,NA,NA,JX,9-Oct-12,20.43,613,6-Apr-14,15-Jun-14,10,(3) LP,aba,Born,No,8.8,23.8,2.98,14-Jun-14,10:44,AM,1258.73,NA,656.8
49011,q,S,SC,NA,NA,NA,JX,9-Oct-12,20.43,613,6-Apr-14,15-Jun-14,10,(3) LP,aba,Born,No,8.8,23.8,2.98,14-Jun-14,16:05,PM,547.55,NA,59.4
49200,q,S,SC,NA,NA,NA,JX,9-Oct-12,20.2,606,6-Apr-14,15-Jun-14,9,(3) LP,aba,Born,No,14.2,24.45,4,7-Jun-14,16:23,PM,53.06,NA,22.6
49354,q,S,SC,NA,NA,NA,JX,9-Oct-12,21.07,632,6-Apr-14,15-Jun-14,PP,(4) PP,aba,Born,Yes,0.2,22.1,0.79,3-Jul-14,10:17,AM,156.97,618.75,50
50941,q,S,SC,NA,NA,NA,JX,9-Oct-12,25.57,767,20-Sep-14,29-Nov-14,9,(3) LP,abb,Born,No,14.8,33.22,13.69,15-Nov-14,9:23,NA,86.75,817.5,123.5
51102,q,S,SC,NA,NA,NA,JX,9-Oct-12,25.73,772,20-Sep-14,29-Nov-14,9,(3) LP,abb,Born,No,14.8,33.38,14,20-Nov-14,18:49,NA,485.93,929.83,150.2
51360,q,S,SC,NA,NA,NA,JX,9-Oct-12,26.17,785,20-Sep-14,29-Nov-14,PP,(4) PP,abb,Born,Yes,16.2,33.82,13.81,3-Dec-14,8:56,NA,236.34,869.33,259.85
51488,q,S,SC,NA,NA,NA,JX,9-Oct-12,26,780,20-Sep-14,29-Nov-14,10,(3) LP,abb,Born,No,14.4,33.07,13.97,28-Nov-14,8:43,NA,563.28,928.67,447.3
51489,q,S,SC,NA,NA,NA,JX,9-Oct-12,26,780,20-Sep-14,29-Nov-14,10,(3) LP,abb,Born,No,14.4,33.07,13.97,28-Nov-14,7:59,NA,120.24,928.67,453
51797,q,S,SC,NA,NA,NA,JX,9-Oct-12,26.67,800,20-Sep-14,29-Nov-14,PP,(4) PP,abb,Born,Yes,4.4,36.24,16.14,18-Dec-14,8:17,NA,108.49,652,31.55
47570,s,S,SC,NA,NA,NA,JX disperser,9-Oct-12,15.03,451,27-Nov-13,1-Feb-14,6,(2) MP,abc,Aborted,No,34,34.69,18.28,3-Jan-14,8:06,AM,90.86,640.67,0.85
44584,t,D,DC,NA,NA,NA,EK,24-Jan-08,60.1,1803,2-Dec-12,10-Feb-13,5,(2) MP,abd,Lost,No,10.2,35.34,17.56,31-Dec-12,19:51,PM,688.18,682.67,376.9
47393,t,D,DC,NA,NA,NA,EK,24-Jan-08,69.93,2098,27-Aug-13,5-Nov-13,8,(3) LP,abe,Born,No,0,30.8,8.11,22-Oct-13,6:56,AM,51.96,944.6,43.24
47545,t,D,DC,NA,NA,NA,EK,24-Jan-08,72.13,2164,15-Nov-13,24-Jan-14,6,(2) MP,abf,Born,No,34.2,34.07,17.6,27-Dec-13,18:16,PM,33.97,848,37.96
47573,t,D,DC,NA,NA,NA,EK,24-Jan-08,72.37,2171,15-Nov-13,24-Jan-14,7,(3) LP,abf,Born,No,34,34.69,18.28,3-Jan-14,9:16,AM,25.96,911,163.08
47870,t,D,DF,Flutamide,7-Jan-14,20,EK,24-Jan-08,73.17,2195,15-Nov-13,24-Jan-14,PP,(4) PP,abf,Born,Yes,8,36.93,18.53,27-Jan-14,9:20,AM,12.12,893.8,64.23
48778,t,D,DC,NA,NA,NA,EK,24-Jan-08,76.37,2291,3-Feb-14,14-Apr-14,PP,(4) PP,abg,Born,Yes,0.4,28.79,7.28,3-May-14,8:45,AM,5.31,727,162.65
40046,u,S,SC,NA,NA,NA,KU,9-Nov-08,50.07,1502,10-Dec-12,6-Feb-13,5,(2) MP,abh,Aborted,No,9,34.74,16.18,20-Dec-12,19:04,PM,102.67,554.6,46.35
44925,u,S,SC,NA,NA,NA,KU,9-Nov-08,51.07,1532,10-Dec-12,6-Feb-13,9,(3) LP,abh,Aborted,No,9,37.61,19,19-Jan-13,18:00,PM,662,607.6,58.58
45061,u,S,SC,NA,NA,NA,KU,9-Nov-08,50.93,1528,10-Dec-12,6-Feb-13,8,(3) LP,abh,Aborted,No,6.8,37.6,18.38,15-Jan-13,8:19,AM,332.95,602.75,226.6
45179,u,S,SC,NA,NA,NA,KU,9-Nov-08,51.23,1537,10-Dec-12,6-Feb-13,10,(3) LP,abh,Aborted,No,6.4,38.21,19.19,24-Jan-13,9:50,AM,1921.85,627.75,557
45457,u,S,SC,NA,NA,NA,KU,9-Nov-08,51.7,1551,19-Nov-12,6-Feb-13,PP,(4) PP,abh,Aborted,No,4.2,38.75,19.92,7-Feb-13,19:30,PM,65.93,NA,44.98
45560,u,S,SC,NA,NA,NA,KU,9-Nov-08,51.67,1550,10-Dec-12,6-Feb-13,10,(3) LP,abh,Aborted,No,4.2,38.79,19.83,6-Feb-13,19:30,PM,134.88,620.5,79.73
40081,v,S,SC,NA,NA,NA,KU,5-Dec-09,24.9,747,5-Nov-11,14-Jan-12,7,(3) LP,abi,Born,No,26,35.12,14.44,22-Dec-11,18:37,PM,499.2,719,74.38
40092,v,S,SC,NA,NA,NA,KU,5-Dec-09,24.93,748,5-Nov-11,14-Jan-12,7,(3) LP,abi,Born,No,26,35.25,14.56,23-Dec-11,9:28,AM,1543.5,745,110.13
40274,v,S,SC,NA,NA,NA,KU,5-Dec-09,25.57,767,5-Nov-11,14-Jan-12,10,(3) LP,abi,Born,Yes,65.4,37.54,16.54,11-Jan-12,8:39,AM,104.08,827.2,166
40348,v,S,SC,NA,NA,NA,KU,5-Dec-09,25.77,773,5-Nov-11,14-Jan-12,PP,(4) PP,abi,Born,Yes,68.2,37.92,17.85,17-Jan-12,18:11,PM,36.21,748,44.28
40387,v,S,SC,NA,NA,NA,KU,5-Dec-09,25.87,776,5-Nov-11,14-Jan-12,PP,(4) PP,abi,Born,Yes,78.4,37.48,17.81,20-Jan-12,18:43,PM,217.18,715.5,126.35
47418,w,D,DC,NA,NA,NA,FA,10-Aug-10,40.2,1206,9-Oct-13,18-Dec-13,8,(3) LP,abj,Born,No,5.8,34.32,13.55,28-Nov-13,18:05,PM,380.23,858,183.05
47869,x,S,SC,NA,NA,NA,NA,15-Aug-11,29.57,887,4-Jan-14,15-Mar-14,2,(1) EP,abk,Lost,Yes,41.4,35.61,18.6,18-Jan-14,NA,NA,41.94,NA,81.08
47027,y,D,DC,NA,NA,NA,KU,14-Jan-12,20.3,609,25-Aug-13,10-Oct-13,3,(1) EP,abl,Aborted,No,0,25.42,2.48,14-Sep-13,18:18,PM,115,565,15.35
47443,y,D,DC,NA,NA,NA,KU,14-Jan-12,23.1,693,30-Oct-13,8-Jan-14,6,(2) MP,abm,Born,No,6,35.13,14.95,7-Dec-13,8:42,AM,86.03,NA,6.73
47617,y,D,DC,NA,NA,NA,KU,14-Jan-12,24.03,721,30-Oct-13,8-Jan-14,10,(3) LP,abm,Born,No,37,34.77,18.42,4-Jan-14,9:50,AM,345.13,835,176.1
47803,y,S,SC,NA,NA,NA,KU,14-Jan-12,25.57,767,16-Feb-14,27-Apr-14,1,(1) EP,abn,Born,Yes,40.8,34.66,19.64,19-Feb-14,9:19,AM,35.68,663.75,236.38
47811,y,S,SC,NA,NA,NA,KU,14-Jan-12,25.57,767,16-Feb-14,27-Apr-14,1,(1) EP,abn,Born,Yes,40.8,34.66,19.64,19-Feb-14,18:00,PM,98.31,663.75,86.04
47887,y,S,SC,NA,NA,NA,KU,14-Jan-12,25.87,776,16-Feb-14,27-Apr-14,2,(1) EP,abn,Born,Yes,48.8,33.49,19.33,28-Feb-14,9:28,AM,69.06,682,135.83
48064,y,S,SC,NA,NA,NA,KU,14-Jan-12,26.37,791,16-Feb-14,27-Apr-14,4,(2) MP,abn,Born,No,61.8,33.62,18.55,15-Mar-14,18:10,PM,95.87,683.6,59.7
48261,y,S,SC,NA,NA,NA,KU,14-Jan-12,26.97,809,16-Feb-14,27-Apr-14,7,(2) MP,abn,Born,No,97,31.06,14.53,2-Apr-14,9:00,AM,815.88,767.5,109.33
48279,y,S,SC,NA,NA,NA,KU,14-Jan-12,27,810,16-Feb-14,27-Apr-14,7,(2) MP,abn,Born,No,97,30.77,14.02,3-Apr-14,8:20,AM,46.06,767.5,146.8
48283,y,S,SC,NA,NA,NA,KU,14-Jan-12,27,810,16-Feb-14,27-Apr-14,7,(2) MP,abn,Born,No,97,30.77,14.02,3-Apr-14,17:13,PM,274.94,767.5,138.35
48340,y,S,SC,NA,NA,NA,KU,14-Jan-12,27.2,816,16-Feb-14,27-Apr-14,8,(3) LP,abn,Born,No,79.2,29.8,12.49,9-Apr-14,10:18,AM,87.26,801.75,28.03
467186,y,D,DC,NA,NA,NA,KU,14-Jan-12,19.73,592,25-Aug-13,10-Oct-13,1,(1) EP,abl,Aborted,No,0,22.87,0.65,28-Aug-13,10:17,AM,108.33,562.6,94.3
47487,z,D,DC,NA,NA,NA,KU,NA,NA,NA,30-Oct-13,8-Jan-14,7,(2) MP,abo,Born,No,6.4,34.3,16.3,13-Dec-13,6:11,AM,115.62,NA,235.33
47603,z,D,DC,NA,NA,NA,KU,NA,NA,NA,28-Oct-13,6-Jan-14,PP,(4) PP,abo,Born,Yes,41.6,34.37,18.01,10-Jan-14,7:59,AM,28.47,NA,148.38
40270,aa,D,DC,NA,NA,NA,JX,4-Dec-04,86.43,2593,7-Nov-11,16-Jan-12,10,(3) LP,abp,Born,No,65.6,37.24,16.37,10-Jan-12,18:15,PM,562,1019,201.95
40317,aa,D,DC,NA,NA,NA,JX,4-Dec-04,86.57,2597,7-Nov-11,16-Jan-12,10,(3) LP,abp,Born,No,66.6,37.85,17.1,14-Jan-12,17:23,PM,1526.05,1020.33,312.3
40361,aa,D,DC,NA,NA,NA,JX,4-Dec-04,86.7,2601,7-Nov-11,16-Jan-12,PP,(4) PP,abp,Born,Yes,68.2,37.84,17.82,18-Jan-12,19:05,PM,183.96,1025.67,90.4
40384,aa,D,DC,NA,NA,NA,JX,4-Dec-04,86.8,2604,7-Nov-11,16-Jan-12,PP,(4) PP,abp,Born,Yes,89.8,37.14,17.84,21-Jan-12,18:12,PM,96.29,961.33,67.93
40440,aa,D,DC,NA,NA,NA,JX,4-Dec-04,86.9,2607,7-Nov-11,16-Jan-12,PP,(4) PP,abp,Born,Yes,90.4,36.84,18.12,24-Jan-12,18:15,PM,68.85,832.25,85.97
40446,aa,D,DC,NA,NA,NA,JX,4-Dec-04,86.93,2608,7-Nov-11,16-Jan-12,PP,(4) PP,abp,Born,Yes,73.2,36.79,18.01,25-Jan-12,10:27,AM,718.35,832.25,56.57
40448,aa,D,DC,NA,NA,NA,JX,4-Dec-04,86.93,2608,7-Nov-11,16-Jan-12,PP,(4) PP,abp,Born,Yes,73.2,36.79,18.01,25-Jan-12,7:37,AM,52.77,832.25,26.03
41082,aa,D,DC,NA,NA,NA,JX,4-Dec-04,88.73,2662,25-Jan-12,10-Mar-12,PP,(4) PP,NA,Aborted,No,9.8,35.13,15.33,19-Mar-12,18:06,PM,111,775,133.25
41099,aa,D,DC,NA,NA,NA,JX,4-Dec-04,88.73,2662,25-Jan-12,10-Mar-12,PP,(4) PP,NA,Aborted,No,9.8,35.13,15.33,19-Mar-12,7:57,AM,52.3,775,87.13
43120,aa,D,DC,NA,NA,NA,JX,4-Dec-04,94.33,2830,15-Jul-12,11-Sep-12,8,(3) LP,abq,Aborted,No,0,24.6,3.52,3-Sep-12,NA,NA,373.45,906.67,165.78
44523,aa,D,DC,NA,NA,NA,JX,4-Dec-04,97.97,2939,30-Nov-12,8-Feb-13,3,(1) EP,abr,Born,No,9,34.63,16.33,21-Dec-12,9:07,AM,97.46,765,10.68
44617,aa,D,DC,NA,NA,NA,JX,4-Dec-04,98.07,2942,30-Nov-12,8-Feb-13,4,(2) MP,abr,Born,No,11.6,34.54,16.52,24-Dec-12,19:19,PM,118.54,767.2,115.8
44629,aa,D,DC,NA,NA,NA,JX,4-Dec-04,98.33,2950,30-Nov-12,8-Feb-13,5,(2) MP,abr,Born,No,8.6,35.77,17.77,1-Jan-13,18:25,PM,161.05,749.5,76.23
44655,aa,D,DC,NA,NA,NA,JX,4-Dec-04,98.2,2946,30-Nov-12,8-Feb-13,4,(2) MP,abr,Born,No,11.6,35.08,17.66,28-Dec-12,8:22,AM,54.11,761.8,221.58
45063,aa,D,DC,NA,NA,NA,JX,4-Dec-04,98.67,2960,30-Nov-12,8-Feb-13,6,(2) MP,abr,Born,No,7.8,36.37,18.35,11-Jan-13,9:42,AM,255.85,827,223.38
45245,aa,D,DF,Flutamide,19-Jan-13,5,JX,4-Dec-04,99.1,2973,30-Nov-12,8-Feb-13,8,(3) LP,abr,Born,No,6.4,38.21,19.19,24-Jan-13,9:50,AM,512.93,943.5,158.83
45707,aa,D,DF,Flutamide,19-Jan-13,PostRX,JX,4-Dec-04,99.8,2994,30-Nov-12,8-Feb-13,PP,(4) PP,abr,Born,Yes,2.6,39.04,20.08,14-Feb-13,8:25,AM,53.15,828.67,279.43
46156,aa,D,DF,Flutamide,19-Jan-13,2,JX,4-Dec-04,99,2970,30-Nov-12,8-Feb-13,8,(3) LP,abr,Born,No,9,37.7,19.04,21-Jan-13,7:35,AM,1671.75,887,122.5
47111,aa,D,DC,NA,NA,NA,JX,4-Dec-04,105.87,3176,22-Jul-13,30-Sep-13,4,(2) MP,abs,Born,No,0,21.44,0.16,15-Aug-13,9:56,AM,82.16,828,51.23
40674,ab,D,DF,Flutamide,6-Feb-12,8,L,12-Mar-05,84.33,2530,18-Dec-11,26-Feb-12,9,(3) LP,abt,Born,No,67.2,34.45,17.39,14-Feb-12,17:04,PM,791.9,936,52.93
40696,ab,D,DF,Flutamide,6-Feb-12,11,L,12-Mar-05,84.43,2533,18-Dec-11,26-Feb-12,9,(3) LP,abt,Born,No,76.2,34.3,17.1,17-Feb-12,18:35,PM,793.08,917.5,895.5
47581,ac,D,DC,NA,NA,NA,L,4-Jan-08,73.17,2195,21-Oct-13,30-Dec-13,PP,(4) PP,abu,Lost,No,42,34.03,18.31,7-Jan-14,7:47,AM,32.58,911.67,206.5
44585,ad,S,SC,NA,NA,NA,L,4-Dec-09,37.13,1114,22-Nov-12,15-Jan-13,5,(2) MP,abv,Aborted,No,11.6,34.67,16.25,22-Dec-12,9:00,AM,1924,683.5,389.4
50917,ae,S,SC,NA,NA,NA,Disp,22-Jan-11,46.4,1392,15-Jun-14,26-Oct-14,PP,(4) PP,abw,Aborted,No,14.8,33.34,13.75,14-Nov-14,18:45,PM,174.05,NA,54.9
48306,af,S,SC,NA,NA,NA,L,21-Aug-13,6.97,209,17-Feb-14,28-Apr-14,5,(2) MP,abx,Born,No,108.4,33.07,18.17,18-Mar-14,13:15,NA,32.84,461.25,11.18
48372,af,S,SC,NA,NA,NA,L,21-Aug-13,7.8,234,17-Feb-14,28-Apr-14,8,(3) LP,abx,Born,No,56.4,29.57,11.74,12-Apr-14,9:07,NA,100.16,589.6,95
49525,ag,D,DC,NA,NA,NA,MY,29-Oct-13,9.1,273,9-Jun-14,18-Aug-14,8,(3) LP,aby,Born,No,0,21.64,-1.34,29-Jul-14,9:13,AM,435.81,686,878.17
47398,ah,S,SC,NA,NA,NA,PA,17-Sep-12,14.7,441,3-Oct-13,5-Dec-13,9,(3) LP,abz,Aborted,No,6,35.1,14.26,2-Dec-13,18:17,PM,105.4,606,71.22
47486,ah,S,SC,NA,NA,NA,PA,17-Sep-12,15.03,451,3-Oct-13,5-Dec-13,PP,(4) PP,abz,Aborted,No,6.4,34.45,16.16,12-Dec-13,7:12,AM,13.67,640.5,31.2
43760,ai,D,DC,NA,NA,NA,RR,31-Oct-08,49.17,1475,8-Oct-12,21-Nov-12,6,(2) MP,aca,Aborted,No,12.2,33.62,12.6,14-Nov-12,18:55,PM,263.15,900.33,30.53
43836,ai,D,DC,NA,NA,NA,RR,31-Oct-08,49.4,1482,8-Oct-12,21-Nov-12,7,(2) MP,aca,Aborted,No,2.2,35.79,13.79,21-Nov-12,8:38,AM,55.84,921,93.45
43839,ai,D,DC,NA,NA,NA,RR,31-Oct-08,49.4,1482,8-Oct-12,21-Nov-12,7,(2) MP,aca,Aborted,No,2.2,35.79,13.79,21-Nov-12,9:51,AM,204.76,NA,6.6
43910,ai,D,DC,NA,NA,NA,RR,31-Oct-08,49.33,1480,8-Oct-12,21-Nov-12,6,(2) MP,aca,Aborted,No,2.2,34.95,12.76,19-Nov-12,19:01,PM,1046.88,908.5,107.13
44775,ai,D,DC,NA,NA,NA,RR,31-Oct-08,50.9,1527,5-Dec-12,13-Feb-13,5,(2) MP,acb,Born,No,8.8,35.92,17.81,5-Jan-13,19:42,PM,451.38,815,289.6
45344,ai,D,DF,Flutamide,19-Jan-13,12,RR,31-Oct-08,51.77,1553,5-Dec-12,13-Feb-13,9,(3) LP,acb,Born,No,6.4,38.51,19.64,31-Jan-13,19:35,PM,1710.3,988.5,229.15
45483,ai,D,DF,Flutamide,19-Jan-13,PostRX,RR,31-Oct-08,52.2,1566,5-Dec-12,13-Feb-13,10,(3) LP,acb,Born,Yes,2.6,39.1,20.02,13-Feb-13,6:55,AM,406.8,953.75,179.1
45491,ai,D,DF,Flutamide,19-Jan-13,PostRX,RR,31-Oct-08,52.23,1567,5-Dec-12,13-Feb-13,PP,(4) PP,acb,Born,Yes,2.6,39.04,20.08,14-Feb-13,8:06,AM,7.86,913.75,123.85
45559,ai,D,DF,Flutamide,19-Jan-13,21,RR,31-Oct-08,52.07,1562,5-Dec-12,13-Feb-13,10,(3) LP,acb,Born,No,2.6,38.68,19.71,9-Feb-13,6:32,AM,981.85,952,125.58
45775,ai,D,DF,Flutamide,19-Jan-13,PostRX,RR,31-Oct-08,52.43,1573,5-Dec-12,13-Feb-13,PP,(4) PP,acb,Born,Yes,2.2,38.9,19.6,20-Feb-13,9:27,AM,161.1,759.71,121.43
45803,ai,D,DF,Flutamide,19-Jan-13,PostRX,RR,31-Oct-08,52.5,1575,5-Dec-12,13-Feb-13,PP,(4) PP,acb,Born,Yes,2.2,38.84,18.89,22-Feb-13,19:15,PM,42.02,717,24.28
45834,ai,D,DF,Flutamide,19-Jan-13,PostRX,RR,31-Oct-08,52.47,1574,5-Dec-12,13-Feb-13,PP,(4) PP,acb,Born,Yes,2.2,38.88,19.24,21-Feb-13,19:09,PM,235.87,728.5,103.28
46224,ai,D,DF,Flutamide,19-Jan-13,16,RR,31-Oct-08,51.9,1557,5-Dec-12,13-Feb-13,9,(3) LP,acb,Born,No,4.2,38.81,19.79,4-Feb-13,10:40,AM,916.18,945.67,196.9
43648,aj,S,SC,NA,NA,NA,RR,20-Jan-11,22.03,661,20-Sep-12,25-Oct-12,PP,(4) PP,acc,Aborted,No,12.2,33.46,12.24,11-Nov-12,18:44,PM,96.72,693.33,29.6
43761,aj,S,SC,NA,NA,NA,RR,20-Jan-11,22.13,664,11-Oct-12,14-Dec-12,5,(2) MP,acd,Aborted,No,12.2,33.62,12.6,14-Nov-12,18:55,PM,353.2,681.67,81.53
47433,aj,D,DC,NA,NA,NA,RR,20-Jan-11,34.93,1048,19-Oct-13,28-Dec-13,7,(2) MP,ace,Lost,No,6,35.18,14.53,3-Dec-13,7:25,AM,10.51,837.5,115.95
47447,aj,D,DF,Flutamide,5-Dec-13,3,RR,20-Jan-11,35.1,1053,19-Oct-13,28-Dec-13,8,(3) LP,ace,Lost,No,6.2,35.17,15.08,8-Dec-13,18:30,PM,258.23,979,15.65
47482,aj,D,DF,Flutamide,5-Dec-13,8,RR,20-Jan-11,35.27,1058,19-Oct-13,28-Dec-13,8,(3) LP,ace,Lost,No,6.4,34.3,16.3,13-Dec-13,9:54,AM,46.84,1013.67,22.18
47483,aj,D,DF,Flutamide,5-Dec-13,8,RR,20-Jan-11,35.27,1058,19-Oct-13,28-Dec-13,8,(3) LP,ace,Lost,No,6.4,34.3,16.3,13-Dec-13,9:45,AM,118.76,1013.67,32.96
47536,aj,D,DF,Flutamide,5-Dec-13,PostRX,RR,20-Jan-11,35.8,1074,19-Oct-13,28-Dec-13,PP,(4) PP,ace,Lost,Yes,34.2,34.03,17.65,29-Dec-13,18:28,PM,165.3,964.5,118.85
47549,aj,D,DF,Flutamide,5-Dec-13,PostRX,RR,20-Jan-11,35.83,1075,19-Oct-13,28-Dec-13,PP,(4) PP,ace,Lost,Yes,34.2,33.95,17.84,30-Dec-13,9:13,AM,47.74,964.5,158.8
47556,aj,D,DF,Flutamide,5-Dec-13,PostRX,RR,20-Jan-11,35.97,1079,19-Oct-13,28-Dec-13,PP,(4) PP,ace,Lost,Yes,34,34.69,18.28,3-Jan-14,19:12,PM,141.42,929,19.08
47572,aj,D,DF,Flutamide,5-Dec-13,PostRX,RR,20-Jan-11,35.93,1078,19-Oct-13,28-Dec-13,PP,(4) PP,ace,Lost,Yes,34,34.46,18.21,2-Jan-14,18:40,PM,229.83,964.5,264.05
47577,aj,D,DF,Flutamide,5-Dec-13,19,RR,20-Jan-11,35.63,1069,19-Oct-13,28-Dec-13,10,(3) LP,ace,Lost,No,11.2,34.3,17.68,24-Dec-13,18:06,PM,155.31,1032.75,21.3
47586,aj,D,DF,Flutamide,5-Dec-13,PostRX,RR,20-Jan-11,36.13,1084,19-Oct-13,28-Dec-13,PP,(4) PP,ace,Lost,No,41.8,34.12,18.16,8-Jan-14,9:25,AM,58.27,880,82.3
47648,aj,D,DF,Flutamide,5-Dec-13,PostRX,RR,20-Jan-11,36.43,1093,19-Oct-13,28-Dec-13,PP,(4) PP,ace,Lost,No,41.6,35.54,18.39,17-Jan-14,18:37,PM,19.51,886,39.23
44763,ak,S,SC,NA,NA,NA,RR,5-Sep-11,16.23,487,13-Nov-12,22-Jan-13,8,(3) LP,acf,Lost,No,8.8,35.89,18.01,4-Jan-13,18:55,PM,726.65,677,164.2
44827,ak,S,SC,NA,NA,NA,RR,5-Sep-11,16.6,498,13-Nov-12,22-Jan-13,9,(3) LP,acf,Lost,No,6.8,37.6,18.38,15-Jan-13,8:10,AM,171.84,708.4,139.65
45077,ak,S,SC,NA,NA,NA,RR,5-Sep-11,16.8,504,13-Nov-12,22-Jan-13,10,(3) LP,acf,Lost,No,9,37.7,19.04,21-Jan-13,18:52,PM,354.18,715.4,121
45173,ak,S,SC,NA,NA,NA,RR,5-Sep-11,16.97,509,13-Nov-12,22-Jan-13,PP,(4) PP,acf,Lost,No,6.4,38.58,19.36,26-Jan-13,9:30,AM,123.37,646.67,32.35
45346,ak,S,SC,NA,NA,NA,RR,5-Sep-11,17.13,514,13-Nov-12,22-Jan-13,PP,(4) PP,acf,Lost,No,6.4,38.51,19.64,31-Jan-13,19:35,PM,68.63,563.5,45.93
45460,ak,S,SC,NA,NA,NA,RR,5-Sep-11,17.27,518,13-Nov-12,22-Jan-13,PP,(4) PP,acf,Lost,No,4.2,38.81,19.79,4-Feb-13,19:20,PM,89.51,541.67,55.83
44560,al,S,SC,NA,NA,NA,RR,22-Jan-12,11.17,335,15-Nov-12,24-Jan-13,6,(2) MP,acg,Lost,No,11.6,34.67,16.25,22-Dec-12,7:32,AM,48.77,593.67,42.1
44926,al,S,SC,NA,NA,NA,RR,22-Jan-12,12.07,362,15-Nov-12,24-Jan-13,10,(3) LP,acg,Lost,No,6.8,37.58,18.92,18-Jan-13,19:15,PM,366.15,730,75.65
45151,al,S,SC,NA,NA,NA,RR,22-Jan-12,12.23,367,15-Nov-12,24-Jan-13,10,(3) LP,acg,Lost,No,6.4,37.97,19.06,23-Jan-13,6:25,AM,782.7,771.8,59.43
45248,al,S,SC,NA,NA,NA,RR,22-Jan-12,12.4,372,15-Nov-12,24-Jan-13,PP,(4) PP,acg,Lost,No,6.4,38.73,19.55,28-Jan-13,8:29,AM,187.74,703.2,85.88
45249,al,S,SC,NA,NA,NA,RR,22-Jan-12,12.4,372,15-Nov-12,24-Jan-13,PP,(4) PP,acg,Lost,No,6.4,38.73,19.55,28-Jan-13,18:54,PM,72.91,703.2,125.95
45342,al,S,SC,NA,NA,NA,RR,22-Jan-12,12.5,375,15-Nov-12,24-Jan-13,PP,(4) PP,acg,Lost,No,6.4,38.51,19.64,31-Jan-13,19:25,PM,36.59,592.5,30.9
45402,al,S,SC,NA,NA,NA,RR,22-Jan-12,12.73,382,15-Nov-12,24-Jan-13,PP,(4) PP,acg,Lost,No,4.2,38.75,19.92,7-Feb-13,18:40,PM,126.18,562.67,92.38
47550,am,S,SC,NA,NA,NA,RR,26-Sep-12,15.33,460,15-Nov-13,24-Jan-14,7,(2) MP,ach,Born,No,34.2,33.95,17.84,30-Dec-13,8:43,AM,51.68,708.33,97.68
47557,am,S,SC,NA,NA,NA,RR,26-Sep-12,15.47,464,15-Nov-13,24-Jan-14,7,(3) LP,ach,Born,No,34,34.69,18.28,3-Jan-14,18:28,PM,745.25,724.33,27.85
47587,am,S,SC,NA,NA,NA,RR,26-Sep-12,15.63,469,15-Nov-13,24-Jan-14,8,(3) LP,ach,Born,No,41.8,34.12,18.16,8-Jan-14,9:37,AM,1904.03,738.67,86.9
39781,an,S,SC,NA,NA,NA,SQ,1-Dec-08,36.37,1091,18-Nov-11,27-Jan-12,2,(1) EP,aci,Born,No,0.4,32.94,9.36,27-Nov-11,19:00,PM,148.76,658.33,69.28
39832,an,S,SC,NA,NA,NA,SQ,1-Dec-08,36.5,1095,18-Nov-11,27-Jan-12,2,(1) EP,aci,Born,No,4.2,33.72,10.29,1-Dec-11,6:22,AM,49.46,661.75,41.47
40390,an,S,SC,NA,NA,NA,SQ,1-Dec-08,38.2,1146,18-Nov-11,27-Jan-12,10,(3) LP,aci,Born,Yes,89.8,37.14,17.84,21-Jan-12,18:08,PM,210.68,925,25.15
43802,an,D,DC,NA,NA,NA,SQ,1-Dec-08,48,1440,20-Oct-12,27-Nov-12,3,(1) EP,aapA,Aborted,Yes,11.2,33.17,11.89,10-Nov-12,18:13,PM,113,751,67.7
43890,an,D,DC,NA,NA,NA,SQ,1-Dec-08,48.43,1453,20-Oct-12,27-Nov-12,5,(2) MP,aapA,Aborted,Yes,2.2,36.25,14.44,23-Nov-12,9:40,AM,48.09,750.33,275.9
43950,an,D,DC,NA,NA,NA,SQ,1-Dec-08,48.53,1456,20-Oct-12,27-Nov-12,6,(2) MP,aapA,Aborted,Yes,2.2,35.85,13.92,26-Nov-12,6:58,AM,77.02,752,190.03
43975,an,D,DC,NA,NA,NA,SQ,1-Dec-08,48.53,1456,20-Oct-12,27-Nov-12,6,(2) MP,aapA,Aborted,Yes,2.2,35.85,13.92,26-Nov-12,19:01,PM,229.31,752,94.5
44027,an,D,DC,NA,NA,NA,SQ,1-Dec-08,48.67,1460,20-Oct-12,27-Nov-12,PP,(4) PP,aapA,Aborted,No,3.6,36.15,14.47,30-Nov-12,8:26,AM,113.06,730.33,227.53
44337,an,D,DC,NA,NA,NA,SQ,1-Dec-08,49,1470,20-Oct-12,27-Nov-12,PP,(4) PP,aapA,Aborted,No,9,35.93,15.41,10-Dec-12,8:53,AM,250.16,727.6,147.65
47116,an,D,DC,NA,NA,NA,SQ,1-Dec-08,56.93,1708,21-Jun-13,18-Aug-13,7,(2) MP,acj,Aborted,No,0,22.68,1.9,5-Aug-13,11:50,AM,124.74,842.67,73.6
43669,ao,S,SC,NA,NA,NA,UK,20-Sep-09,38.3,1149,10-Nov-12,19-Jan-13,1,(1) EP,ack,Lost,Yes,12.2,33.6,12.64,12-Nov-12,6:35,AM,263.15,804.33,221
43670,ao,S,SC,NA,NA,NA,UK,20-Sep-09,38.3,1149,10-Nov-12,19-Jan-13,1,(1) EP,ack,Lost,Yes,12.2,33.6,12.64,12-Nov-12,18:04,PM,59.27,804.33,13.7
47391,ao,D,DC,NA,NA,NA,UNK,20-Sep-09,51.1,1533,13-Oct-13,22-Dec-13,7,(3) LP,acl,Born,No,5.8,35.02,13.91,1-Dec-13,6:30,AM,254.52,NA,17
43575,ap,D,DC,NA,NA,NA,UK,20-Sep-09,38.07,1142,19-Sep-12,28-Nov-12,7,(3) LP,acm,Lost,Yes,11.2,32.6,11.81,5-Nov-12,6:50,AM,28.33,902.67,149.3
43727,ap,D,DC,NA,NA,NA,UK,20-Sep-09,38.37,1151,19-Sep-12,28-Nov-12,8,(3) LP,acm,Lost,No,12.2,33.62,12.6,14-Nov-12,18:17,PM,635.45,922.86,239.75
43768,ap,D,DC,NA,NA,NA,UK,20-Sep-09,38.53,1156,19-Sep-12,28-Nov-12,9,(3) LP,acm,Lost,No,2.2,34.95,12.76,19-Nov-12,8:15,AM,438.45,950.67,107.43
43993,ap,D,DC,NA,NA,NA,UK,20-Sep-09,38.83,1165,19-Sep-12,28-Nov-12,10,(3) LP,acm,Lost,No,2.2,35.93,14.04,28-Nov-12,18:00,PM,140.62,960.2,67.97
44005,ap,D,DC,NA,NA,NA,UK,20-Sep-09,38.87,1166,19-Sep-12,28-Nov-12,PP,(4) PP,acm,Lost,No,2.2,35.99,14.42,29-Nov-12,9:01,AM,146.63,938,402.87
44919,ap,D,DC,NA,NA,NA,UK,20-Sep-09,40.53,1216,30-Nov-12,8-Feb-13,7,(3) LP,acn,Lost,No,6.8,37.58,18.92,18-Jan-13,19:50,PM,430.93,813.33,358.55
45279,ap,D,DC,NA,NA,NA,UK,20-Sep-09,40.93,1228,30-Nov-12,8-Feb-13,9,(3) LP,acn,Lost,No,6.4,38.5,20.04,30-Jan-13,8:55,AM,366.98,867,108.25
45365,ap,D,DC,NA,NA,NA,UK,20-Sep-09,40.9,1227,30-Nov-12,8-Feb-13,9,(3) LP,acn,Lost,No,6.4,38.65,19.88,29-Jan-13,18:10,PM,1881.73,867,155.28
45749,ap,D,DF,Flutamide,31-Jan-13,20,UK,20-Sep-09,41.63,1249,30-Nov-12,8-Feb-13,PP,(4) PP,acn,Lost,No,2.2,38.9,19.6,20-Feb-13,10:13,AM,33.1,695.5,49.98
45828,ap,D,DF,Flutamide,31-Jan-13,PostRX,UK,20-Sep-09,41.73,1252,30-Nov-12,8-Feb-13,PP,(4) PP,acn,Lost,No,2.2,38.7,18.58,23-Feb-13,18:51,PM,93.28,715,132.63
466780,ap,D,DC,NA,NA,NA,UK,20-Sep-09,44.5,1335,7-May-13,16-Jul-13,2,(1) EP,aco,Born,No,0,26.85,5.84,17-May-13,16:28,PM,180.42,693.17,88.43
47455,aq,S,SC,NA,NA,NA,CK,31-Jul-11,28.6,858,1-Nov-13,18-Dec-13,5,(2) MP,aclA,Aborted,No,6,35.15,14.9,5-Dec-13,19:00,PM,60.55,285,26.78
40235,ar,D,DC,NA,NA,NA,TY,3-Sep-10,16.33,490,30-Oct-11,8-Jan-12,10,(3) LP,acp,Born,No,86.6,36.29,15.86,6-Jan-12,7:50,AM,252.09,752,227
40240,ar,D,DC,NA,NA,NA,TY,3-Sep-10,16.33,490,30-Oct-11,8-Jan-12,10,(3) LP,acp,Born,No,86.6,36.29,15.86,6-Jan-12,18:07,PM,942,752,220.4
40253,ar,D,DC,NA,NA,NA,TY,3-Sep-10,16.37,491,30-Oct-11,8-Jan-12,10,(3) LP,acp,Born,No,86.6,36.59,15.73,7-Jan-12,19:02,PM,434.18,752,224
40257,ar,D,DC,NA,NA,NA,TY,3-Sep-10,16.4,492,30-Oct-11,8-Jan-12,10,(3) LP,acp,Born,Yes,86.6,36.87,16.03,8-Jan-12,7:23,AM,85.92,746,45.45
40285,ar,D,DC,NA,NA,NA,TY,3-Sep-10,16.53,496,30-Oct-11,8-Jan-12,PP,(4) PP,acp,Born,Yes,66.6,37.66,17.04,12-Jan-12,9:22,AM,48.91,692.5,91.87
40357,ar,D,DC,NA,NA,NA,TY,3-Sep-10,16.73,502,30-Oct-11,8-Jan-12,PP,(4) PP,acp,Born,Yes,68.2,37.84,17.82,18-Jan-12,7:40,AM,25.28,583.67,104.1
40372,ar,D,DC,NA,NA,NA,TY,3-Sep-10,16.77,503,30-Oct-11,8-Jan-12,PP,(4) PP,acp,Born,Yes,68.2,37.71,17.81,19-Jan-12,18:45,PM,104.18,583.67,98.3
40394,ar,D,DC,NA,NA,NA,TY,3-Sep-10,16.9,507,30-Oct-11,8-Jan-12,PP,(4) PP,acp,Born,Yes,90.4,37.06,18.15,23-Jan-12,9:19,AM,270.43,572.5,102.15
40395,ar,D,DC,NA,NA,NA,TY,3-Sep-10,16.9,507,30-Oct-11,8-Jan-12,PP,(4) PP,acp,Born,Yes,90.4,37.06,18.15,23-Jan-12,10:07,AM,153.68,572.5,36.9
40522,ar,D,DC,NA,NA,NA,TY,3-Sep-10,17.1,513,30-Oct-11,8-Jan-12,PP,(4) PP,acp,Born,Yes,25,37.26,17.45,29-Jan-12,18:55,PM,125.57,590.6,110.3
41154,ar,D,DC,NA,NA,NA,TY,3-Sep-10,17.03,511,30-Oct-11,8-Jan-12,PP,(4) PP,acp,Born,Yes,25,36.99,17.54,27-Jan-12,8:31,AM,1299.18,588.2,299
47386,as,D,DC,NA,NA,NA,VH,19-Sep-10,39,1170,24-Oct-13,2-Jan-14,6,(2) MP,acr,Born,No,6,35.1,14.26,2-Dec-13,9:30,AM,119.47,810,131.35
48076,as,D,DC,NA,NA,NA,VH,19-Sep-10,41.97,1259,9-Jan-14,20-Mar-14,8,(3) LP,acq,Lost,No,45.8,33.54,19.32,1-Mar-14,10:52,AM,276.96,826.33,154.75
49190,as,D,DC,NA,NA,NA,VH,19-Sep-10,40.43,1213,24-Oct-13,2-Jan-14,PP,(4) PP,acr,Lost,Yes,41.6,35.04,17.77,14-Jan-14,9:30,AM,142.06,715.25,256
52223,at,S,SC,NA,NA,NA,VH,2-Jan-14,12.03,361,17-Nov-14,26-Jan-15,7,(2) MP,acs,Born,No,5.4,37.41,17.45,29-Dec-14,9:16,AM,499.8,NA,253.4
52844,at,S,SC,NA,NA,NA,VH,2-Jan-14,12.73,382,17-Nov-14,26-Jan-15,NA,(3) LP,acs,Born,No,4.6,37.89,18.03,19-Jan-15,8:11,AM,639.03,716.6,183.35
52977,at,S,SC,NA,NA,NA,VH,2-Jan-14,12.27,368,17-Nov-14,26-Jan-15,7,(3) LP,acs,Born,No,2.4,37.39,17.51,5-Jan-15,8:49,AM,1103.03,NA,224.35
53200,at,S,SC,NA,NA,NA,VH,2-Jan-14,13.33,400,17-Nov-14,26-Jan-15,PP,(4) PP,acs,Born,Yes,19.2,35.95,18.66,6-Feb-15,18:53,PM,62.09,594,154.1
40826,au,D,DC,NA,NA,NA,AZ,22-Feb-04,97.7,2931,26-Dec-11,5-Mar-12,10,(3) LP,act,Born,No,60,33.92,17.11,2-Mar-12,8:53,AM,86.39,824.5,224.4
40992,au,D,DC,NA,NA,NA,AZ,22-Feb-04,98.17,2945,26-Dec-11,5-Mar-12,PP,(4) PP,act,Born,Yes,20.4,35.53,16.14,16-Mar-12,9:53,AM,50.05,741.5,269.9
44372,av,D,DC,NA,NA,NA,BB,16-Sep-04,100.4,3012,28-Sep-12,7-Dec-12,PP,(4) PP,acu,Born,Yes,9,34.9,15.79,15-Dec-12,18:19,PM,373.51,665.25,117.9
39947,aw,D,DC,NA,NA,NA,VH,26-Aug-05,76.73,2302,17-Nov-11,26-Jan-12,4,(2) MP,acv,Born,Yes,26.4,34.63,13.66,15-Dec-11,9:50,AM,504.53,646.2,229.2
40531,aw,D,DC,NA,NA,NA,VH,26-Aug-05,78.27,2348,17-Nov-11,26-Jan-12,PP,(4) PP,acv,Born,Yes,25,37.37,17.26,30-Jan-12,18:59,PM,108.74,736.25,80.75
43497,aw,D,DC,NA,NA,NA,VH,26-Aug-05,87.43,2623,10-Sep-12,19-Nov-12,8,(3) LP,acw,Born,No,10,32.52,10.84,31-Oct-12,9:30,AM,41.8,793.38,81.8
43559,aw,D,DC,NA,NA,NA,VH,26-Aug-05,87.5,2625,10-Sep-12,19-Nov-12,8,(3) LP,acw,Born,No,10,32.39,11.36,2-Nov-12,18:30,PM,872.38,NA,209.4
43599,aw,D,DC,NA,NA,NA,VH,26-Aug-05,87.63,2629,10-Sep-12,19-Nov-12,9,(3) LP,acw,Born,No,11.2,32.61,11.7,6-Nov-12,18:45,PM,612.08,819,66.23
43667,aw,D,DC,NA,NA,NA,VH,26-Aug-05,87.83,2635,10-Sep-12,19-Nov-12,9,(3) LP,acw,Born,No,12.2,33.6,12.64,12-Nov-12,9:57,AM,682.65,832.33,164.4
44002,aw,D,DC,NA,NA,NA,VH,26-Aug-05,88.4,2652,10-Sep-12,19-Nov-12,PP,(4) PP,acw,Born,Yes,2.2,35.99,14.42,29-Nov-12,8:26,AM,60.74,613.75,48.2
45362,aw,D,DC,NA,NA,NA,VH,26-Aug-05,90.47,2714,12-Dec-12,29-Jan-13,PP,(4) PP,acx,Aborted,No,6.4,38.5,20.04,30-Jan-13,6:34,AM,49.94,611.33,96.75
39973,ax,D,DC,NA,NA,NA,W,14-Oct-08,50.8,1524,8-Oct-12,17-Dec-12,10,(3) LP,acy,Born,No,9,34.82,15.72,16-Dec-12,8:15,AM,52.22,NA,81.83
40314,ax,D,DC,NA,NA,NA,W,14-Oct-08,39.57,1187,22-Dec-11,1-Mar-12,4,(2) MP,acz,Lost,No,66.6,37.85,17.1,14-Jan-12,9:27,AM,131.17,754,111.1
40681,ax,D,DC,NA,NA,NA,W,14-Oct-08,40.67,1220,22-Dec-11,1-Mar-12,8,(3) LP,acz,Lost,No,68.2,34.59,17.06,16-Feb-12,9:40,AM,41.45,930,78.9
40692,ax,D,DC,NA,NA,NA,W,14-Oct-08,40.67,1220,22-Dec-11,1-Mar-12,8,(3) LP,acz,Lost,No,68.2,34.59,17.06,16-Feb-12,17:56,PM,1743.45,930,363
40711,ax,D,DC,NA,NA,NA,W,14-Oct-08,40.8,1224,22-Dec-11,1-Mar-12,9,(3) LP,acz,Lost,No,70,34.01,17.02,20-Feb-12,10:12,AM,397.72,930,175.9
40713,ax,D,DC,NA,NA,NA,W,14-Oct-08,40.8,1224,22-Dec-11,1-Mar-12,9,(3) LP,acz,Lost,No,70,34.01,17.02,20-Feb-12,10:39,AM,98.82,930,61.75
40938,ax,D,DF,Flutamide,22-Feb-12,19,W,14-Oct-08,41.5,1245,22-Dec-11,1-Mar-12,PP,(4) PP,acz,Lost,No,17.6,35.38,15.4,12-Mar-12,10:30,AM,39.84,NA,136.47
44607,ax,D,DC,NA,NA,NA,W,14-Oct-08,51.2,1536,8-Oct-12,17-Dec-12,PP,(4) PP,acy,Born,Yes,11.6,35.08,17.66,28-Dec-12,9:45,AM,99.81,688,39.51
44619,ax,D,DC,NA,NA,NA,W,14-Oct-08,51.2,1536,8-Oct-12,17-Dec-12,PP,(4) PP,acy,Born,Yes,11.6,35.08,17.66,28-Dec-12,19:25,PM,122.16,688,60.93
44737,ax,D,DC,NA,NA,NA,W,14-Oct-08,51.53,1546,8-Oct-12,17-Dec-12,PP,(4) PP,acy,Born,Yes,5.8,36.16,17.81,7-Jan-13,8:40,AM,46.63,678.5,64.65
40704,ay,S,SC,NA,NA,NA,W,26-Nov-09,27.13,814,4-Jan-12,14-Mar-12,7,(2) MP,ada,Born,No,76.6,33.91,17.09,18-Feb-12,18:00,PM,19.27,NA,18.18
40715,ay,S,SC,NA,NA,NA,W,26-Nov-09,27.2,816,4-Jan-12,14-Mar-12,7,(3) LP,ada,Born,No,70,34.01,17.02,20-Feb-12,18:28,PM,243.23,NA,139.3
44200,ay,D,DC,NA,NA,NA,TY,26-Nov-09,36.93,1108,5-Oct-12,14-Dec-12,10,(3) LP,adb,Lost,No,9,36.04,15.22,8-Dec-12,7:45,AM,137.01,NA,129.17
44518,ay,D,DC,NA,NA,NA,TY,26-Nov-09,37.33,1120,5-Oct-12,14-Dec-12,PP,(4) PP,adb,Lost,No,9,34.74,16.18,20-Dec-12,NA,NA,69.31,610,360.4
40237,az,S,SC,NA,NA,NA,W,17-Jan-11,11.8,354,4-Jan-12,14-Mar-12,1,(1) EP,adc,Born,No,86.6,36.29,15.86,6-Jan-12,16:10,PM,36.13,602,55.3
40260,az,S,SC,NA,NA,NA,W,17-Jan-11,11.9,357,4-Jan-12,14-Mar-12,1,(1) EP,adc,Born,No,86.6,36.98,16.35,9-Jan-12,10:11,AM,177.42,598.33,340.6
40859,az,S,SC,NA,NA,NA,W,17-Jan-11,13.77,413,4-Jan-12,14-Mar-12,9,(3) LP,adc,Born,No,29.6,34.5,16.96,5-Mar-12,9:20,AM,953.78,721,318.1
41043,az,S,SC,NA,NA,NA,W,17-Jan-11,14.13,424,4-Jan-12,14-Mar-12,PP,(4) PP,adc,Born,No,20.4,35.53,16.14,16-Mar-12,17:43,PM,51.86,556,295.95
41056,az,S,SC,NA,NA,NA,W,17-Jan-11,14.17,425,4-Jan-12,14-Mar-12,PP,(4) PP,adc,Born,No,20.4,35.19,16.13,17-Mar-12,8:23,AM,785.3,560.5,86.07
41072,az,S,SC,NA,NA,NA,W,17-Jan-11,14.23,427,4-Jan-12,14-Mar-12,PP,(4) PP,adc,Born,No,9.8,35.13,15.33,19-Mar-12,9:20,AM,5.3,560.5,61.25
44540,az,S,SC,NA,NA,NA,TY,17-Jan-11,23.43,703,7-Nov-12,16-Jan-13,7,(2) MP,add,Born,No,9,34.74,16.18,20-Dec-12,NA,NA,1224.83,683.8,31.08
47746,ba,S,SC,NA,NA,NA,W,15-Mar-12,22.2,666,8-Dec-13,16-Feb-14,5,(2) MP,ade,Born,No,41.6,34.37,18.01,10-Jan-14,9:45,AM,796.83,780,82.85
47775,ba,S,SC,NA,NA,NA,W,15-Mar-12,23.4,702,8-Dec-13,16-Feb-14,10,(3) LP,ade,Born,No,38,35.45,19.75,15-Feb-14,8:21,AM,219.19,954,15.4
47884,ba,S,SC,NA,NA,NA,W,15-Mar-12,23.83,715,8-Dec-13,16-Feb-14,PP,(4) PP,ade,Born,Yes,48.8,33.49,19.33,28-Feb-14,9:10,AM,149.13,704.8,18.35
48169,ba,S,SC,NA,NA,NA,W,15-Mar-12,23.6,708,8-Dec-13,16-Feb-14,PP,(4) PP,ade,Born,Yes,44.8,34.2,19.66,21-Feb-14,9:28,AM,7.51,794.25,11.95
49108,ba,S,SC,NA,NA,NA,W,15-Mar-12,23.77,713,8-Dec-13,16-Feb-14,PP,(4) PP,ade,Born,Yes,48.8,33.51,19.49,26-Feb-14,6:14,AM,175.49,707.17,52.43
45217,bb,S,SC,NA,NA,NA,W,15-Mar-12,10.5,315,3-Jan-13,27-Feb-13,3,(1) EP,adf,Aborted,Yes,6.4,38.21,19.19,24-Jan-13,19:00,PM,27.97,453,24.35
45222,bb,S,SC,NA,NA,NA,W,15-Mar-12,10.53,316,3-Jan-13,27-Feb-13,4,(1) EP,adf,Aborted,Yes,6.4,38.44,19.3,25-Jan-13,6:14,AM,54.21,461.5,52.15
45504,bb,S,SC,NA,NA,NA,W,15-Mar-12,11.23,337,3-Jan-13,27-Feb-13,7,(2) MP,adf,Aborted,No,2.6,38.92,19.95,15-Feb-13,9:30,AM,281.93,444,102.8
45702,bb,S,SC,NA,NA,NA,W,15-Mar-12,10.73,322,3-Jan-13,27-Feb-13,4,(2) MP,adf,Aborted,Yes,6.4,38.51,19.64,31-Jan-13,18:35,PM,38.93,467.75,47.13
45736,bb,S,SC,NA,NA,NA,W,15-Mar-12,11.2,336,3-Jan-13,27-Feb-13,6,(2) MP,adf,Aborted,No,2.6,39.04,20.08,14-Feb-13,6:49,AM,34.53,444,41.83
45911,bb,S,SC,NA,NA,NA,W,15-Mar-12,11.67,350,3-Jan-13,27-Feb-13,PP,(4) PP,adf,Aborted,No,2.8,38.42,18.12,28-Feb-13,8:50,AM,340.91,460.5,16.05
45978,bb,S,SC,NA,NA,NA,W,15-Mar-12,11.73,352,3-Jan-13,27-Feb-13,PP,(4) PP,adf,Aborted,No,2.8,38.2,17.75,2-Mar-13,9:00,AM,257.47,455,81.88
46160,bb,S,SC,NA,NA,NA,W,14-Mar-12,11.97,359,3-Jan-13,27-Feb-13,PP,(4) PP,adf,Aborted,No,4,37.76,17.89,8-Mar-13,9:05,AM,85.68,424,89.15
46208,bb,S,SC,NA,NA,NA,W,14-Mar-12,12.07,362,3-Jan-13,27-Feb-13,PP,(4) PP,adf,Aborted,No,4,37.48,17.44,11-Mar-13,18:54,PM,89.51,422.75,18.15
47122,bb,D,DC,NA,NA,NA,W,15-Mar-12,18.67,560,27-Aug-13,5-Nov-13,5,(2) MP,adg,Lost,No,0,26.78,4.32,26-Sep-13,18:30,PM,202.34,608,119.35
47147,bb,D,DC,NA,NA,NA,W,15-Mar-12,18.9,567,27-Aug-13,5-Nov-13,6,(2) MP,adg,Lost,No,0,28.05,5.23,3-Oct-13,8:00,AM,116.21,624.57,33.63
48427,bb,D,DC,NA,NA,NA,W,14-Mar-12,25.43,763,12-Feb-14,28-Mar-14,PP,(4) PP,adh,Aborted,No,2.4,29.2,11.11,16-Apr-14,9:25,AM,86.83,671.5,92.8